Enies Lobby,One Pace Episode,Chapters,Episodes,Release Date,Length,MKV CRC32
,Enies Lobby 01,Ch. 375-376,Ep. 263-265,2020.06.22,00:27:47,A6CD3EBB
,Enies Lobby 02,Ch. 377-378,Ep. 265-266,2020.06.22,00:18:33,EBBD7693
,Enies Lobby 03,Ch. 379-380,Ep. 266-267,2020-06-23 00:00:00,00:23:09,747CF45E
,Enies Lobby 04,Ch. 381-382,Ep. 268-269,2019-01-25 00:00:00,00:25:28,194603B0
,Enies Lobby 05,Ch. 383-384,Ep. 269-271,2019-03-14 00:00:00,00:25:36,56E89B6A
,Enies Lobby 06,Ch. 385-387,Ep. 271-273,2019-05-02 00:00:00,00:29:52,0E201E28
,Enies Lobby 07,Ch. 388-390,Ep. 273-274,2019-05-13 00:00:00,00:28:50,3BBE532B
,Enies Lobby 08,Ch. 391-393,Ep. 275-276,2019-05-29 00:00:00,00:31:06,DECF4267
,Enies Lobby 09,Ch. 394-396,Ep. 276-277,2019-06-27 00:00:00,00:31:08,952F5BEB
,Enies Lobby 10,Ch. 397-398,Ep. 278,2019-07-25 00:00:00,00:21:30,6C908F32
,Enies Lobby 11,Ch. 399-400,Ep. 284-285,2019-08-20 00:00:00,00:27:46,CF6F1505
,Enies Lobby 12,Ch. 401-402,Ep. 286-287,2020-03-11 00:00:00,00:21:18,DA166192
,Enies Lobby 13,Ch. 403-404,Ep. 287-288,2020-04-03 00:00:00,00:24:14,FE0F64E2
,Enies Lobby 14,Ch. 405-406,Ep. 289-290,2020-04-15 00:00:00,00:20:38,A9C9701B
,Enies Lobby 15,Ch. 407-408,"Ep. 290,293",2020-04-22 00:00:00,00:23:00,160B1E51
,Enies Lobby 16,Ch. 409-411,Ep. 294-295,2020-04-30 00:00:00,00:26:29,158476AB
,Enies Lobby 17,Ch. 412-413,Ep. 296-297,2020-05-07 00:00:00,00:21:09,7562EF8D
,Enies Lobby 18,Ch. 414-415,Ep. 297-298,2020-05-15 00:00:00,00:19:57,64207B1A
,Enies Lobby 19,Ch. 416-418,Ep. 299-301,2020-05-23 00:00:00,00:31:33,C4106519
,Enies Lobby 20,Ch. 419-420,Ep. 301-302,2020-05-29 00:00:00,00:26:25,5AC534CA
,Enies Lobby 21,Ch. 421-422,"Ep. 302,304-305",2020-06-06 00:00:00,00:24:17,13D874FD
,Enies Lobby 22,Ch. 423-424,Ep. 306-307,2020-06-15 00:00:00,00:26:52,C0B33E05
,Enies Lobby 23,Ch. 425-427,Ep. 307-309,2020-08-10 00:00:00,00:34:24,25AFC3E5
,Enies Lobby 24,Ch. 428-429,Ep. 310-311,2020-08-15 00:00:00,00:33:17,7F76CDD9
,Enies Lobby 25,Ch. 430,Ep. 312,2020-08-27 00:00:00,00:16:45,3251D51B
