Marineford,One Pace Episode,Chapters,Episodes,Release Date,Length,MKV CRC32
,Marineford 01,Ch. 549-550,"Ep. 452,459",2020.10.07,00:31:13,92956F40
,Marineford 02,Ch. 551-552,Ep. 459-462,2020.10.07,00:34:18,4F5151F2
,Marineford 03,Ch. 553-554,Ep. 462-463,2020.10.07,00:16:13,D16C3A7A
,Marineford 04,Ch. 555-556,Ep. 464-465,2020.10.07,00:24:24,738B1A3B
,Marineford 05,Ch. 557-558,Ep. 466-468,2020.10.07,00:27:16,66006702
,Marineford 06,Ch. 559-560,Ep. 468-469,2020.10.07,00:27:27,E46F5F07
,Marineford 07,Ch. 561-562,Ep. 470-471,2020.10.07,00:28:49,511BA151
,Marineford 08,Ch. 563-564,Ep. 472-473,2020.10.07,00:28:32,2A3B3264
,Marineford 09,Ch. 565-566,Ep. 474-475,2020.10.07,00:26:41,1638FE88
,Marineford 10,Ch. 567,Ep. 476,2020.10.07,00:14:45,C65F13AA
,Marineford 11,Ch. 568-569,Ep. 477-478,2020.10.07,00:26:00,A84B5499
,Marineford 12,Ch. 570-571,Ep. 479-480,2020.10.07,00:24:28,6BD41435
,Marineford 13,Ch. 572-573,Ep. 481-482,2020.10.07,00:26:48,66E68054
,Marineford 14,Ch. 574,Ep. 483-484,2020.10.07,00:18:51,29DBF233
,Marineford 15,Ch. 575-576,Ep. 484-485,2020.10.07,00:29:42,00768DB7
,Marineford 16,Ch. 577-578,Ep. 486-487,2020.10.07,00:26:27,91EEA92E
,Marineford 17,Ch. 579-580,Ep. 488-489,2020.10.07,00:26:30,2DC3ECF7
